0,1,2,3,4,5,6,7,8
93784-26483:Geno Smith,93784-72731:Josh Jacobs,93784-93107:AJ Dillon,93784-27050:Tyler Lockett,93784-57986:Hunter Renfrow,93784-85701:Ja'Marr Chase,93784-33076:Travis Kelce,93784-92976:Tutu Atwell,93784-12530:Dallas Cowboys
93784-26483:Geno Smith,93784-72731:Josh Jacobs,93784-73273:David Montgomery,93784-27050:Tyler Lockett,93784-29253:Keenan Allen,93784-53097:Josh Reynolds,93784-33076:Travis Kelce,93784-94370:Romeo Doubs,93784-12551:Tampa Bay Buccaneers
93784-26483:Geno Smith,93784-129368:Jahmyr Gibbs,93784-63759:Tony Pollard,93784-27050:Tyler Lockett,93784-86631:CeeDee Lamb,93784-92976:Tutu Atwell,93784-33076:Travis Kelce,93784-91872:Joshua Kelley,93784-12530:Dallas Cowboys
93784-26483:Geno Smith,93784-73273:David Montgomery,93784-90428:Tyler Allgeier,93784-64581:Van Jefferson,93784-73048:DK Metcalf,93784-92976:Tutu Atwell,93784-33076:Travis Kelce,93784-91626:James Cook,93784-12551:Tampa Bay Buccaneers
93784-26483:Geno Smith,93784-129368:Jahmyr Gibbs,93784-91626:James Cook,93784-103020:Puka Nacua,93784-27050:Tyler Lockett,93784-73048:DK Metcalf,93784-33076:Travis Kelce,93784-89981:Tee Higgins,93784-12530:Dallas Cowboys
93784-26483:Geno Smith,93784-63759:Tony Pollard,93784-72731:Josh Jacobs,93784-40669:Tyler Boyd,93784-53097:Josh Reynolds,93784-57986:Hunter Renfrow,93784-33076:Travis Kelce,93784-73048:DK Metcalf,93784-12551:Tampa Bay Buccaneers
93784-26483:Geno Smith,93784-73273:David Montgomery,93784-91872:Joshua Kelley,93784-27050:Tyler Lockett,93784-86631:CeeDee Lamb,93784-92976:Tutu Atwell,93784-33076:Travis Kelce,93784-94534:Gabe Davis,93784-12543:New York Giants
93784-26483:Geno Smith,93784-90428:Tyler Allgeier,93784-91626:James Cook,93784-27050:Tyler Lockett,93784-41305:Zay Jones,93784-64581:Van Jefferson,93784-33076:Travis Kelce,93784-94370:Romeo Doubs,93784-12543:New York Giants
93784-54604:Jimmy Garoppolo,93784-129368:Jahmyr Gibbs,93784-90428:Tyler Allgeier,93784-27050:Tyler Lockett,93784-29253:Keenan Allen,93784-57986:Hunter Renfrow,93784-33076:Travis Kelce,93784-93107:AJ Dillon,93784-12530:Dallas Cowboys
93784-54604:Jimmy Garoppolo,93784-73273:David Montgomery,93784-91872:Joshua Kelley,93784-112295:Zay Flowers,93784-25079:Stefon Diggs,93784-57986:Hunter Renfrow,93784-33076:Travis Kelce,93784-69956:Michael Gallup,93784-12532:Detroit Lions
93784-54604:Jimmy Garoppolo,93784-72731:Josh Jacobs,93784-90428:Tyler Allgeier,93784-40669:Tyler Boyd,93784-57986:Hunter Renfrow,93784-64555:Calvin Ridley,93784-33076:Travis Kelce,93784-91626:James Cook,93784-12543:New York Giants
93784-54604:Jimmy Garoppolo,93784-72731:Josh Jacobs,93784-91872:Joshua Kelley,93784-53097:Josh Reynolds,93784-73048:DK Metcalf,93784-89981:Tee Higgins,93784-33076:Travis Kelce,93784-92976:Tutu Atwell,93784-12532:Detroit Lions
93784-54604:Jimmy Garoppolo,93784-129368:Jahmyr Gibbs,93784-93107:AJ Dillon,93784-25079:Stefon Diggs,93784-45889:Davante Adams,93784-53097:Josh Reynolds,93784-33076:Travis Kelce,93784-60858:Christian Kirk,93784-12543:New York Giants
93784-54604:Jimmy Garoppolo,93784-129368:Jahmyr Gibbs,93784-55050:Christian McCaffrey,93784-112295:Zay Flowers,93784-57986:Hunter Renfrow,93784-64581:Van Jefferson,93784-33076:Travis Kelce,93784-93107:AJ Dillon,93784-12530:Dallas Cowboys
93784-54604:Jimmy Garoppolo,93784-90428:Tyler Allgeier,93784-91872:Joshua Kelley,93784-40669:Tyler Boyd,93784-53097:Josh Reynolds,93784-57986:Hunter Renfrow,93784-33076:Travis Kelce,93784-85701:Ja'Marr Chase,93784-12551:Tampa Bay Buccaneers
93784-54604:Jimmy Garoppolo,93784-129368:Jahmyr Gibbs,93784-72731:Josh Jacobs,93784-40669:Tyler Boyd,93784-41305:Zay Jones,93784-45889:Davante Adams,93784-33076:Travis Kelce,93784-94534:Gabe Davis,93784-12530:Dallas Cowboys
93784-54604:Jimmy Garoppolo,93784-129368:Jahmyr Gibbs,93784-136855:Bijan Robinson,93784-57986:Hunter Renfrow,93784-60858:Christian Kirk,93784-92976:Tutu Atwell,93784-33076:Travis Kelce,93784-90428:Tyler Allgeier,93784-12543:New York Giants
93784-54604:Jimmy Garoppolo,93784-129368:Jahmyr Gibbs,93784-136855:Bijan Robinson,93784-27050:Tyler Lockett,93784-57986:Hunter Renfrow,93784-60858:Christian Kirk,93784-33076:Travis Kelce,93784-91626:James Cook,93784-12543:New York Giants
93784-54604:Jimmy Garoppolo,93784-129368:Jahmyr Gibbs,93784-136855:Bijan Robinson,93784-112295:Zay Flowers,93784-53097:Josh Reynolds,93784-57986:Hunter Renfrow,93784-33076:Travis Kelce,93784-73048:DK Metcalf,93784-12535:Indianapolis Colts
93784-54604:Jimmy Garoppolo,93784-72731:Josh Jacobs,93784-91872:Joshua Kelley,93784-27050:Tyler Lockett,93784-53097:Josh Reynolds,93784-57986:Hunter Renfrow,93784-33076:Travis Kelce,93784-64581:Van Jefferson,93784-12530:Dallas Cowboys
93784-54604:Jimmy Garoppolo,93784-73273:David Montgomery,93784-91626:James Cook,93784-112295:Zay Flowers,93784-41305:Zay Jones,93784-57986:Hunter Renfrow,93784-33076:Travis Kelce,93784-94534:Gabe Davis,93784-12535:Indianapolis Colts
93784-57439:Patrick Mahomes,93784-129368:Jahmyr Gibbs,93784-73273:David Montgomery,93784-64581:Van Jefferson,93784-73048:DK Metcalf,93784-86631:CeeDee Lamb,93784-33076:Travis Kelce,93784-92976:Tutu Atwell,93784-12532:Detroit Lions
93784-57439:Patrick Mahomes,93784-136855:Bijan Robinson,93784-90428:Tyler Allgeier,93784-103020:Puka Nacua,93784-57986:Hunter Renfrow,93784-60858:Christian Kirk,93784-33076:Travis Kelce,93784-69956:Michael Gallup,93784-12532:Detroit Lions
93784-57439:Patrick Mahomes,93784-129368:Jahmyr Gibbs,93784-91872:Joshua Kelley,93784-27050:Tyler Lockett,93784-40669:Tyler Boyd,93784-73048:DK Metcalf,93784-33076:Travis Kelce,93784-92976:Tutu Atwell,93784-12551:Tampa Bay Buccaneers
93784-57439:Patrick Mahomes,93784-73273:David Montgomery,93784-93107:AJ Dillon,93784-40669:Tyler Boyd,93784-41305:Zay Jones,93784-57986:Hunter Renfrow,93784-33076:Travis Kelce,93784-69956:Michael Gallup,93784-12551:Tampa Bay Buccaneers
93784-57439:Patrick Mahomes,93784-129368:Jahmyr Gibbs,93784-91626:James Cook,93784-69956:Michael Gallup,93784-73048:DK Metcalf,93784-92976:Tutu Atwell,93784-33076:Travis Kelce,93784-94370:Romeo Doubs,93784-12543:New York Giants
93784-63115:Lamar Jackson,93784-72731:Josh Jacobs,93784-91626:James Cook,93784-112295:Zay Flowers,93784-27050:Tyler Lockett,93784-64581:Van Jefferson,93784-33076:Travis Kelce,93784-94370:Romeo Doubs,93784-12532:Detroit Lions
93784-63115:Lamar Jackson,93784-129368:Jahmyr Gibbs,93784-55050:Christian McCaffrey,93784-112295:Zay Flowers,93784-40669:Tyler Boyd,93784-57986:Hunter Renfrow,93784-33076:Travis Kelce,93784-91626:James Cook,93784-12532:Detroit Lions
93784-63115:Lamar Jackson,93784-129368:Jahmyr Gibbs,93784-136855:Bijan Robinson,93784-103020:Puka Nacua,93784-112295:Zay Flowers,93784-64581:Van Jefferson,93784-33076:Travis Kelce,93784-94534:Gabe Davis,93784-12532:Detroit Lions
93784-63115:Lamar Jackson,93784-129368:Jahmyr Gibbs,93784-93107:AJ Dillon,93784-112295:Zay Flowers,93784-39829:Mike Williams,93784-40669:Tyler Boyd,93784-33076:Travis Kelce,93784-94370:Romeo Doubs,93784-12532:Detroit Lions
93784-63115:Lamar Jackson,93784-129368:Jahmyr Gibbs,93784-91872:Joshua Kelley,93784-112295:Zay Flowers,93784-40669:Tyler Boyd,93784-89981:Tee Higgins,93784-33076:Travis Kelce,93784-92976:Tutu Atwell,93784-12543:New York Giants
93784-26483:Geno Smith,93784-129368:Jahmyr Gibbs,93784-72731:Josh Jacobs,93784-103020:Puka Nacua,93784-40669:Tyler Boyd,93784-45889:Davante Adams,93784-33076:Travis Kelce,93784-93107:AJ Dillon,93784-12551:Tampa Bay Buccaneers
93784-26483:Geno Smith,93784-91872:Joshua Kelley,93784-93107:AJ Dillon,93784-25079:Stefon Diggs,93784-40669:Tyler Boyd,93784-57986:Hunter Renfrow,93784-33076:Travis Kelce,93784-86997:Amon-Ra St. Brown,93784-12530:Dallas Cowboys
93784-26483:Geno Smith,93784-129368:Jahmyr Gibbs,93784-73273:David Montgomery,93784-103020:Puka Nacua,93784-112295:Zay Flowers,93784-40669:Tyler Boyd,93784-33076:Travis Kelce,93784-45889:Davante Adams,93784-12535:Indianapolis Colts
93784-26483:Geno Smith,93784-129368:Jahmyr Gibbs,93784-136855:Bijan Robinson,93784-103020:Puka Nacua,93784-41305:Zay Jones,93784-94370:Romeo Doubs,93784-33076:Travis Kelce,93784-72731:Josh Jacobs,93784-12551:Tampa Bay Buccaneers
93784-26483:Geno Smith,93784-129368:Jahmyr Gibbs,93784-72731:Josh Jacobs,93784-112295:Zay Flowers,93784-25079:Stefon Diggs,93784-69956:Michael Gallup,93784-33076:Travis Kelce,93784-92976:Tutu Atwell,93784-12551:Tampa Bay Buccaneers
93784-26483:Geno Smith,93784-72731:Josh Jacobs,93784-91872:Joshua Kelley,93784-112295:Zay Flowers,93784-25079:Stefon Diggs,93784-57986:Hunter Renfrow,93784-33076:Travis Kelce,93784-60858:Christian Kirk,93784-12530:Dallas Cowboys
93784-26483:Geno Smith,93784-129368:Jahmyr Gibbs,93784-72731:Josh Jacobs,93784-103020:Puka Nacua,93784-53097:Josh Reynolds,93784-86631:CeeDee Lamb,93784-33076:Travis Kelce,93784-92976:Tutu Atwell,93784-12530:Dallas Cowboys
93784-26483:Geno Smith,93784-72731:Josh Jacobs,93784-73273:David Montgomery,93784-57986:Hunter Renfrow,93784-69956:Michael Gallup,93784-86631:CeeDee Lamb,93784-33076:Travis Kelce,93784-93107:AJ Dillon,93784-12543:New York Giants
93784-26483:Geno Smith,93784-136855:Bijan Robinson,93784-73273:David Montgomery,93784-41305:Zay Jones,93784-64581:Van Jefferson,93784-86631:CeeDee Lamb,93784-33076:Travis Kelce,93784-94370:Romeo Doubs,93784-12551:Tampa Bay Buccaneers
93784-26483:Geno Smith,93784-72731:Josh Jacobs,93784-91626:James Cook,93784-64581:Van Jefferson,93784-69956:Michael Gallup,93784-85701:Ja'Marr Chase,93784-33076:Travis Kelce,93784-94370:Romeo Doubs,93784-12543:New York Giants
93784-26483:Geno Smith,93784-129368:Jahmyr Gibbs,93784-72731:Josh Jacobs,93784-40669:Tyler Boyd,93784-53097:Josh Reynolds,93784-64581:Van Jefferson,93784-33076:Travis Kelce,93784-86997:Amon-Ra St. Brown,93784-12535:Indianapolis Colts
93784-26483:Geno Smith,93784-63759:Tony Pollard,93784-91626:James Cook,93784-41305:Zay Jones,93784-53097:Josh Reynolds,93784-57986:Hunter Renfrow,93784-33076:Travis Kelce,93784-86631:CeeDee Lamb,93784-12530:Dallas Cowboys
93784-26483:Geno Smith,93784-63759:Tony Pollard,93784-72731:Josh Jacobs,93784-40669:Tyler Boyd,93784-69956:Michael Gallup,93784-94534:Gabe Davis,93784-33076:Travis Kelce,93784-91872:Joshua Kelley,93784-12535:Indianapolis Colts
93784-26483:Geno Smith,93784-72731:Josh Jacobs,93784-91626:James Cook,93784-57986:Hunter Renfrow,93784-60858:Christian Kirk,93784-86997:Amon-Ra St. Brown,93784-33076:Travis Kelce,93784-92976:Tutu Atwell,93784-12535:Indianapolis Colts
93784-26483:Geno Smith,93784-129368:Jahmyr Gibbs,93784-73273:David Montgomery,93784-112295:Zay Flowers,93784-60858:Christian Kirk,93784-64581:Van Jefferson,93784-33076:Travis Kelce,93784-91872:Joshua Kelley,93784-12543:New York Giants
93784-26483:Geno Smith,93784-73273:David Montgomery,93784-91626:James Cook,93784-40669:Tyler Boyd,93784-45889:Davante Adams,93784-53097:Josh Reynolds,93784-33076:Travis Kelce,93784-92976:Tutu Atwell,93784-12535:Indianapolis Colts
93784-26483:Geno Smith,93784-129368:Jahmyr Gibbs,93784-90428:Tyler Allgeier,93784-53097:Josh Reynolds,93784-69956:Michael Gallup,93784-86631:CeeDee Lamb,93784-33076:Travis Kelce,93784-94534:Gabe Davis,93784-12551:Tampa Bay Buccaneers
93784-26483:Geno Smith,93784-129368:Jahmyr Gibbs,93784-91626:James Cook,93784-39829:Mike Williams,93784-60858:Christian Kirk,93784-86631:CeeDee Lamb,93784-33076:Travis Kelce,93784-93107:AJ Dillon,93784-12535:Indianapolis Colts
93784-26483:Geno Smith,93784-136855:Bijan Robinson,93784-91872:Joshua Kelley,93784-103020:Puka Nacua,93784-53097:Josh Reynolds,93784-57986:Hunter Renfrow,93784-33076:Travis Kelce,93784-94534:Gabe Davis,93784-12551:Tampa Bay Buccaneers
93784-26483:Geno Smith,93784-129368:Jahmyr Gibbs,93784-73273:David Montgomery,93784-60858:Christian Kirk,93784-69956:Michael Gallup,93784-89981:Tee Higgins,93784-33076:Travis Kelce,93784-94534:Gabe Davis,93784-12530:Dallas Cowboys
93784-26483:Geno Smith,93784-129368:Jahmyr Gibbs,93784-73273:David Montgomery,93784-29253:Keenan Allen,93784-40669:Tyler Boyd,93784-57986:Hunter Renfrow,93784-33076:Travis Kelce,93784-60858:Christian Kirk,93784-12543:New York Giants
93784-26483:Geno Smith,93784-72731:Josh Jacobs,93784-91626:James Cook,93784-40669:Tyler Boyd,93784-41305:Zay Jones,93784-92976:Tutu Atwell,93784-33076:Travis Kelce,93784-94370:Romeo Doubs,93784-12535:Indianapolis Colts
93784-26483:Geno Smith,93784-91626:James Cook,93784-93107:AJ Dillon,93784-103020:Puka Nacua,93784-40669:Tyler Boyd,93784-57986:Hunter Renfrow,93784-33076:Travis Kelce,93784-94534:Gabe Davis,93784-12535:Indianapolis Colts
93784-54604:Jimmy Garoppolo,93784-129368:Jahmyr Gibbs,93784-93107:AJ Dillon,93784-103020:Puka Nacua,93784-25079:Stefon Diggs,93784-39829:Mike Williams,93784-33076:Travis Kelce,93784-89981:Tee Higgins,93784-12551:Tampa Bay Buccaneers
93784-54604:Jimmy Garoppolo,93784-73273:David Montgomery,93784-90428:Tyler Allgeier,93784-112295:Zay Flowers,93784-53097:Josh Reynolds,93784-89981:Tee Higgins,93784-33076:Travis Kelce,93784-91872:Joshua Kelley,93784-12532:Detroit Lions
93784-54604:Jimmy Garoppolo,93784-73273:David Montgomery,93784-90428:Tyler Allgeier,93784-39829:Mike Williams,93784-40669:Tyler Boyd,93784-92976:Tutu Atwell,93784-33076:Travis Kelce,93784-91626:James Cook,93784-12530:Dallas Cowboys
93784-54604:Jimmy Garoppolo,93784-73273:David Montgomery,93784-90428:Tyler Allgeier,93784-103020:Puka Nacua,93784-53097:Josh Reynolds,93784-94534:Gabe Davis,93784-33076:Travis Kelce,93784-91626:James Cook,93784-12532:Detroit Lions
93784-54604:Jimmy Garoppolo,93784-91626:James Cook,93784-91872:Joshua Kelley,93784-112295:Zay Flowers,93784-27050:Tyler Lockett,93784-29253:Keenan Allen,93784-33076:Travis Kelce,93784-92976:Tutu Atwell,93784-12551:Tampa Bay Buccaneers
93784-54604:Jimmy Garoppolo,93784-73273:David Montgomery,93784-91872:Joshua Kelley,93784-25079:Stefon Diggs,93784-27050:Tyler Lockett,93784-40669:Tyler Boyd,93784-33076:Travis Kelce,93784-41305:Zay Jones,93784-12535:Indianapolis Colts
93784-54604:Jimmy Garoppolo,93784-129368:Jahmyr Gibbs,93784-63759:Tony Pollard,93784-40669:Tyler Boyd,93784-86631:CeeDee Lamb,93784-92976:Tutu Atwell,93784-33076:Travis Kelce,93784-73273:David Montgomery,93784-12543:New York Giants
93784-54604:Jimmy Garoppolo,93784-129368:Jahmyr Gibbs,93784-55050:Christian McCaffrey,93784-27050:Tyler Lockett,93784-64581:Van Jefferson,93784-69956:Michael Gallup,93784-33076:Travis Kelce,93784-86631:CeeDee Lamb,93784-12551:Tampa Bay Buccaneers
93784-54604:Jimmy Garoppolo,93784-90428:Tyler Allgeier,93784-91626:James Cook,93784-25079:Stefon Diggs,93784-41305:Zay Jones,93784-53097:Josh Reynolds,93784-33076:Travis Kelce,93784-91872:Joshua Kelley,93784-12543:New York Giants
93784-54604:Jimmy Garoppolo,93784-63759:Tony Pollard,93784-90428:Tyler Allgeier,93784-40669:Tyler Boyd,93784-64581:Van Jefferson,93784-94370:Romeo Doubs,93784-33076:Travis Kelce,93784-93107:AJ Dillon,93784-12530:Dallas Cowboys
93784-54604:Jimmy Garoppolo,93784-129368:Jahmyr Gibbs,93784-91872:Joshua Kelley,93784-27050:Tyler Lockett,93784-89981:Tee Higgins,93784-94370:Romeo Doubs,93784-33076:Travis Kelce,93784-94534:Gabe Davis,93784-12530:Dallas Cowboys
93784-54604:Jimmy Garoppolo,93784-129368:Jahmyr Gibbs,93784-90428:Tyler Allgeier,93784-29253:Keenan Allen,93784-41305:Zay Jones,93784-89981:Tee Higgins,93784-33076:Travis Kelce,93784-94370:Romeo Doubs,93784-12543:New York Giants
93784-54604:Jimmy Garoppolo,93784-136855:Bijan Robinson,93784-91872:Joshua Kelley,93784-103020:Puka Nacua,93784-39829:Mike Williams,93784-41305:Zay Jones,93784-33076:Travis Kelce,93784-53097:Josh Reynolds,93784-12535:Indianapolis Colts
93784-54604:Jimmy Garoppolo,93784-63759:Tony Pollard,93784-91626:James Cook,93784-103020:Puka Nacua,93784-112295:Zay Flowers,93784-53097:Josh Reynolds,93784-33076:Travis Kelce,93784-92976:Tutu Atwell,93784-12535:Indianapolis Colts
93784-54604:Jimmy Garoppolo,93784-90428:Tyler Allgeier,93784-91626:James Cook,93784-103020:Puka Nacua,93784-69956:Michael Gallup,93784-92976:Tutu Atwell,93784-33076:Travis Kelce,93784-94370:Romeo Doubs,93784-12543:New York Giants
93784-54604:Jimmy Garoppolo,93784-73273:David Montgomery,93784-93107:AJ Dillon,93784-40669:Tyler Boyd,93784-41305:Zay Jones,93784-60858:Christian Kirk,93784-33076:Travis Kelce,93784-89981:Tee Higgins,93784-12535:Indianapolis Colts
93784-54604:Jimmy Garoppolo,93784-55050:Christian McCaffrey,93784-91626:James Cook,93784-103020:Puka Nacua,93784-40669:Tyler Boyd,93784-41305:Zay Jones,93784-33076:Travis Kelce,93784-92976:Tutu Atwell,93784-12535:Indianapolis Colts
93784-54604:Jimmy Garoppolo,93784-91626:James Cook,93784-93107:AJ Dillon,93784-103020:Puka Nacua,93784-27050:Tyler Lockett,93784-53097:Josh Reynolds,93784-33076:Travis Kelce,93784-92976:Tutu Atwell,93784-12535:Indianapolis Colts
93784-54604:Jimmy Garoppolo,93784-129368:Jahmyr Gibbs,93784-93107:AJ Dillon,93784-25079:Stefon Diggs,93784-40669:Tyler Boyd,93784-60858:Christian Kirk,93784-33076:Travis Kelce,93784-64581:Van Jefferson,93784-12535:Indianapolis Colts
93784-63115:Lamar Jackson,93784-129368:Jahmyr Gibbs,93784-63759:Tony Pollard,93784-57986:Hunter Renfrow,93784-86631:CeeDee Lamb,93784-89981:Tee Higgins,93784-33076:Travis Kelce,93784-73273:David Montgomery,93784-12532:Detroit Lions
93784-63115:Lamar Jackson,93784-136855:Bijan Robinson,93784-73273:David Montgomery,93784-39829:Mike Williams,93784-57986:Hunter Renfrow,93784-92976:Tutu Atwell,93784-33076:Travis Kelce,93784-90428:Tyler Allgeier,93784-12532:Detroit Lions
93784-63115:Lamar Jackson,93784-63759:Tony Pollard,93784-73273:David Montgomery,93784-112295:Zay Flowers,93784-57986:Hunter Renfrow,93784-94370:Romeo Doubs,93784-33076:Travis Kelce,93784-91626:James Cook,93784-12530:Dallas Cowboys
93784-63115:Lamar Jackson,93784-129368:Jahmyr Gibbs,93784-72731:Josh Jacobs,93784-27050:Tyler Lockett,93784-41305:Zay Jones,93784-89981:Tee Higgins,93784-33076:Travis Kelce,93784-91626:James Cook,93784-12551:Tampa Bay Buccaneers
93784-63115:Lamar Jackson,93784-129368:Jahmyr Gibbs,93784-73273:David Montgomery,93784-40669:Tyler Boyd,93784-73048:DK Metcalf,93784-86997:Amon-Ra St. Brown,93784-33076:Travis Kelce,93784-92976:Tutu Atwell,93784-12535:Indianapolis Colts
93784-63115:Lamar Jackson,93784-129368:Jahmyr Gibbs,93784-91872:Joshua Kelley,93784-29253:Keenan Allen,93784-45889:Davante Adams,93784-57986:Hunter Renfrow,93784-33076:Travis Kelce,93784-92976:Tutu Atwell,93784-12551:Tampa Bay Buccaneers
93784-63115:Lamar Jackson,93784-136855:Bijan Robinson,93784-72731:Josh Jacobs,93784-53097:Josh Reynolds,93784-60858:Christian Kirk,93784-64581:Van Jefferson,93784-33076:Travis Kelce,93784-93107:AJ Dillon,93784-12532:Detroit Lions
93784-63115:Lamar Jackson,93784-129368:Jahmyr Gibbs,93784-90428:Tyler Allgeier,93784-39829:Mike Williams,93784-57986:Hunter Renfrow,93784-89981:Tee Higgins,93784-33076:Travis Kelce,93784-94534:Gabe Davis,93784-12551:Tampa Bay Buccaneers
93784-63115:Lamar Jackson,93784-73273:David Montgomery,93784-93107:AJ Dillon,93784-103020:Puka Nacua,93784-40669:Tyler Boyd,93784-60858:Christian Kirk,93784-33076:Travis Kelce,93784-73048:DK Metcalf,93784-12535:Indianapolis Colts
93784-63115:Lamar Jackson,93784-129368:Jahmyr Gibbs,93784-136855:Bijan Robinson,93784-60858:Christian Kirk,93784-64581:Van Jefferson,93784-86631:CeeDee Lamb,93784-33076:Travis Kelce,93784-94534:Gabe Davis,93784-12551:Tampa Bay Buccaneers
93784-63115:Lamar Jackson,93784-63759:Tony Pollard,93784-91872:Joshua Kelley,93784-57986:Hunter Renfrow,93784-73048:DK Metcalf,93784-92976:Tutu Atwell,93784-33076:Travis Kelce,93784-94370:Romeo Doubs,93784-12530:Dallas Cowboys
93784-63115:Lamar Jackson,93784-129368:Jahmyr Gibbs,93784-55050:Christian McCaffrey,93784-57986:Hunter Renfrow,93784-94370:Romeo Doubs,93784-94534:Gabe Davis,93784-33076:Travis Kelce,93784-91626:James Cook,93784-12532:Detroit Lions
93784-63115:Lamar Jackson,93784-129368:Jahmyr Gibbs,93784-90428:Tyler Allgeier,93784-60858:Christian Kirk,93784-64581:Van Jefferson,93784-94370:Romeo Doubs,93784-33076:Travis Kelce,93784-91872:Joshua Kelley,93784-12532:Detroit Lions
93784-63115:Lamar Jackson,93784-91626:James Cook,93784-93107:AJ Dillon,93784-57986:Hunter Renfrow,93784-64581:Van Jefferson,93784-85701:Ja'Marr Chase,93784-33076:Travis Kelce,93784-94370:Romeo Doubs,93784-12543:New York Giants
93784-63115:Lamar Jackson,93784-129368:Jahmyr Gibbs,93784-91626:James Cook,93784-27050:Tyler Lockett,93784-64581:Van Jefferson,93784-69956:Michael Gallup,93784-33076:Travis Kelce,93784-73048:DK Metcalf,93784-12543:New York Giants
93784-63115:Lamar Jackson,93784-91626:James Cook,93784-93107:AJ Dillon,93784-27050:Tyler Lockett,93784-29253:Keenan Allen,93784-69956:Michael Gallup,93784-33076:Travis Kelce,93784-92976:Tutu Atwell,93784-12543:New York Giants
93784-63115:Lamar Jackson,93784-90428:Tyler Allgeier,93784-91626:James Cook,93784-41305:Zay Jones,93784-53097:Josh Reynolds,93784-64581:Van Jefferson,93784-33076:Travis Kelce,93784-94534:Gabe Davis,93784-12530:Dallas Cowboys
93784-63115:Lamar Jackson,93784-129368:Jahmyr Gibbs,93784-55050:Christian McCaffrey,93784-57986:Hunter Renfrow,93784-64581:Van Jefferson,93784-89981:Tee Higgins,93784-33076:Travis Kelce,93784-92976:Tutu Atwell,93784-12535:Indianapolis Colts
93784-57439:Patrick Mahomes,93784-73273:David Montgomery,93784-90428:Tyler Allgeier,93784-103020:Puka Nacua,93784-25079:Stefon Diggs,93784-64555:Calvin Ridley,93784-130270:Adam Trautman,93784-91626:James Cook,93784-12532:Detroit Lions
93784-57439:Patrick Mahomes,93784-73273:David Montgomery,93784-91872:Joshua Kelley,93784-103020:Puka Nacua,93784-25079:Stefon Diggs,93784-39829:Mike Williams,93784-145558:Dalton Kincaid,93784-85701:Ja'Marr Chase,93784-12551:Tampa Bay Buccaneers
93784-57439:Patrick Mahomes,93784-129368:Jahmyr Gibbs,93784-72731:Josh Jacobs,93784-29253:Keenan Allen,93784-39829:Mike Williams,93784-64581:Van Jefferson,93784-64585:Dawson Knox,93784-73273:David Montgomery,93784-12551:Tampa Bay Buccaneers
93784-57439:Patrick Mahomes,93784-72731:Josh Jacobs,93784-91626:James Cook,93784-25079:Stefon Diggs,93784-57986:Hunter Renfrow,93784-64555:Calvin Ridley,93784-105646:Sam LaPorta,93784-91872:Joshua Kelley,93784-12532:Detroit Lions
93784-57439:Patrick Mahomes,93784-129368:Jahmyr Gibbs,93784-90428:Tyler Allgeier,93784-25079:Stefon Diggs,93784-41305:Zay Jones,93784-60858:Christian Kirk,93784-64585:Dawson Knox,93784-85701:Ja'Marr Chase,93784-12532:Detroit Lions
93784-57439:Patrick Mahomes,93784-129368:Jahmyr Gibbs,93784-91626:James Cook,93784-112295:Zay Flowers,93784-85701:Ja'Marr Chase,93784-86631:CeeDee Lamb,93784-64585:Dawson Knox,93784-91872:Joshua Kelley,93784-12532:Detroit Lions
93784-57439:Patrick Mahomes,93784-63759:Tony Pollard,93784-73273:David Montgomery,93784-112295:Zay Flowers,93784-27050:Tyler Lockett,93784-89981:Tee Higgins,93784-145558:Dalton Kincaid,93784-91872:Joshua Kelley,93784-12532:Detroit Lions
93784-57439:Patrick Mahomes,93784-73273:David Montgomery,93784-90428:Tyler Allgeier,93784-103020:Puka Nacua,93784-39829:Mike Williams,93784-64555:Calvin Ridley,93784-145558:Dalton Kincaid,93784-89981:Tee Higgins,93784-12543:New York Giants
93784-57439:Patrick Mahomes,93784-72731:Josh Jacobs,93784-73273:David Montgomery,93784-57986:Hunter Renfrow,93784-64555:Calvin Ridley,93784-92976:Tutu Atwell,93784-39793:George Kittle,93784-91872:Joshua Kelley,93784-12530:Dallas Cowboys
93784-57439:Patrick Mahomes,93784-72731:Josh Jacobs,93784-73273:David Montgomery,93784-39829:Mike Williams,93784-64555:Calvin Ridley,93784-64581:Van Jefferson,93784-113228:Luke Musgrave,93784-86631:CeeDee Lamb,93784-12551:Tampa Bay Buccaneers
93784-57439:Patrick Mahomes,93784-55050:Christian McCaffrey,93784-73273:David Montgomery,93784-27050:Tyler Lockett,93784-39829:Mike Williams,93784-57986:Hunter Renfrow,93784-39793:George Kittle,93784-91626:James Cook,93784-12551:Tampa Bay Buccaneers
93784-57439:Patrick Mahomes,93784-63759:Tony Pollard,93784-72731:Josh Jacobs,93784-103020:Puka Nacua,93784-39829:Mike Williams,93784-57986:Hunter Renfrow,93784-145558:Dalton Kincaid,93784-90428:Tyler Allgeier,93784-12530:Dallas Cowboys
93784-57439:Patrick Mahomes,93784-63759:Tony Pollard,93784-73273:David Montgomery,93784-39829:Mike Williams,93784-40669:Tyler Boyd,93784-45889:Davante Adams,93784-64585:Dawson Knox,93784-91626:James Cook,93784-12535:Indianapolis Colts
93784-57439:Patrick Mahomes,93784-55050:Christian McCaffrey,93784-73273:David Montgomery,93784-103020:Puka Nacua,93784-45889:Davante Adams,93784-57986:Hunter Renfrow,93784-64585:Dawson Knox,93784-60858:Christian Kirk,93784-12551:Tampa Bay Buccaneers
93784-57439:Patrick Mahomes,93784-63759:Tony Pollard,93784-73273:David Montgomery,93784-25079:Stefon Diggs,93784-64581:Van Jefferson,93784-92976:Tutu Atwell,93784-113228:Luke Musgrave,93784-91626:James Cook,93784-12551:Tampa Bay Buccaneers
93784-57439:Patrick Mahomes,93784-73273:David Montgomery,93784-91626:James Cook,93784-73048:DK Metcalf,93784-85701:Ja'Marr Chase,93784-94370:Romeo Doubs,93784-145558:Dalton Kincaid,93784-91872:Joshua Kelley,93784-12532:Detroit Lions
93784-57439:Patrick Mahomes,93784-72731:Josh Jacobs,93784-91626:James Cook,93784-103020:Puka Nacua,93784-45889:Davante Adams,93784-69956:Michael Gallup,93784-64585:Dawson Knox,93784-94370:Romeo Doubs,93784-12532:Detroit Lions
93784-57439:Patrick Mahomes,93784-91626:James Cook,93784-91872:Joshua Kelley,93784-103020:Puka Nacua,93784-29253:Keenan Allen,93784-64581:Van Jefferson,93784-39793:George Kittle,93784-86997:Amon-Ra St. Brown,93784-12532:Detroit Lions
93784-57439:Patrick Mahomes,93784-129368:Jahmyr Gibbs,93784-91872:Joshua Kelley,93784-41305:Zay Jones,93784-45889:Davante Adams,93784-73048:DK Metcalf,93784-145558:Dalton Kincaid,93784-86997:Amon-Ra St. Brown,93784-12532:Detroit Lions
93784-57439:Patrick Mahomes,93784-129368:Jahmyr Gibbs,93784-136855:Bijan Robinson,93784-40669:Tyler Boyd,93784-45889:Davante Adams,93784-86997:Amon-Ra St. Brown,93784-145558:Dalton Kincaid,93784-94370:Romeo Doubs,93784-12530:Dallas Cowboys
93784-57439:Patrick Mahomes,93784-129368:Jahmyr Gibbs,93784-90428:Tyler Allgeier,93784-57986:Hunter Renfrow,93784-64581:Van Jefferson,93784-86997:Amon-Ra St. Brown,93784-52436:Mark Andrews,93784-93107:AJ Dillon,93784-12532:Detroit Lions
93784-57439:Patrick Mahomes,93784-90428:Tyler Allgeier,93784-91626:James Cook,93784-27050:Tyler Lockett,93784-39829:Mike Williams,93784-73048:DK Metcalf,93784-64585:Dawson Knox,93784-94534:Gabe Davis,93784-12530:Dallas Cowboys
93784-57439:Patrick Mahomes,93784-129368:Jahmyr Gibbs,93784-63759:Tony Pollard,93784-103020:Puka Nacua,93784-45889:Davante Adams,93784-53097:Josh Reynolds,93784-52436:Mark Andrews,93784-92976:Tutu Atwell,93784-12530:Dallas Cowboys
93784-57439:Patrick Mahomes,93784-63759:Tony Pollard,93784-72731:Josh Jacobs,93784-27050:Tyler Lockett,93784-57986:Hunter Renfrow,93784-85701:Ja'Marr Chase,93784-113228:Luke Musgrave,93784-92976:Tutu Atwell,93784-12532:Detroit Lions
93784-57439:Patrick Mahomes,93784-73273:David Montgomery,93784-90428:Tyler Allgeier,93784-39829:Mike Williams,93784-64555:Calvin Ridley,93784-64581:Van Jefferson,93784-105646:Sam LaPorta,93784-94534:Gabe Davis,93784-12530:Dallas Cowboys
93784-57439:Patrick Mahomes,93784-129368:Jahmyr Gibbs,93784-93107:AJ Dillon,93784-103020:Puka Nacua,93784-27050:Tyler Lockett,93784-39829:Mike Williams,93784-145558:Dalton Kincaid,93784-85701:Ja'Marr Chase,93784-12532:Detroit Lions
93784-57439:Patrick Mahomes,93784-91626:James Cook,93784-93107:AJ Dillon,93784-45889:Davante Adams,93784-57986:Hunter Renfrow,93784-73048:DK Metcalf,93784-64585:Dawson Knox,93784-89981:Tee Higgins,93784-12530:Dallas Cowboys
93784-57439:Patrick Mahomes,93784-129368:Jahmyr Gibbs,93784-90428:Tyler Allgeier,93784-112295:Zay Flowers,93784-25079:Stefon Diggs,93784-39829:Mike Williams,93784-113228:Luke Musgrave,93784-92976:Tutu Atwell,93784-12530:Dallas Cowboys
93784-57439:Patrick Mahomes,93784-91626:James Cook,93784-93107:AJ Dillon,93784-103020:Puka Nacua,93784-45889:Davante Adams,93784-64581:Van Jefferson,93784-64585:Dawson Knox,93784-86631:CeeDee Lamb,93784-12532:Detroit Lions
93784-57439:Patrick Mahomes,93784-73273:David Montgomery,93784-90428:Tyler Allgeier,93784-112295:Zay Flowers,93784-29253:Keenan Allen,93784-45889:Davante Adams,93784-105646:Sam LaPorta,93784-92976:Tutu Atwell,93784-12535:Indianapolis Colts
93784-57439:Patrick Mahomes,93784-129368:Jahmyr Gibbs,93784-90428:Tyler Allgeier,93784-27050:Tyler Lockett,93784-53097:Josh Reynolds,93784-85701:Ja'Marr Chase,93784-64585:Dawson Knox,93784-94534:Gabe Davis,93784-12551:Tampa Bay Buccaneers
93784-57439:Patrick Mahomes,93784-72731:Josh Jacobs,93784-91872:Joshua Kelley,93784-25079:Stefon Diggs,93784-69956:Michael Gallup,93784-89981:Tee Higgins,93784-64585:Dawson Knox,93784-94534:Gabe Davis,93784-12532:Detroit Lions
93784-57439:Patrick Mahomes,93784-91872:Joshua Kelley,93784-93107:AJ Dillon,93784-103020:Puka Nacua,93784-25079:Stefon Diggs,93784-73048:DK Metcalf,93784-64585:Dawson Knox,93784-92976:Tutu Atwell,93784-12532:Detroit Lions
93784-57439:Patrick Mahomes,93784-72731:Josh Jacobs,93784-90428:Tyler Allgeier,93784-112295:Zay Flowers,93784-40669:Tyler Boyd,93784-45889:Davante Adams,93784-145558:Dalton Kincaid,93784-64581:Van Jefferson,93784-12530:Dallas Cowboys
93784-57439:Patrick Mahomes,93784-72731:Josh Jacobs,93784-73273:David Montgomery,93784-112295:Zay Flowers,93784-27050:Tyler Lockett,93784-89981:Tee Higgins,93784-145558:Dalton Kincaid,93784-94534:Gabe Davis,93784-12530:Dallas Cowboys
93784-57439:Patrick Mahomes,93784-63759:Tony Pollard,93784-93107:AJ Dillon,93784-103020:Puka Nacua,93784-112295:Zay Flowers,93784-39829:Mike Williams,93784-64585:Dawson Knox,93784-69956:Michael Gallup,93784-12551:Tampa Bay Buccaneers
93784-57439:Patrick Mahomes,93784-129368:Jahmyr Gibbs,93784-136855:Bijan Robinson,93784-27050:Tyler Lockett,93784-57986:Hunter Renfrow,93784-94534:Gabe Davis,93784-39793:George Kittle,93784-90428:Tyler Allgeier,93784-12532:Detroit Lions
93784-57439:Patrick Mahomes,93784-129368:Jahmyr Gibbs,93784-63759:Tony Pollard,93784-57986:Hunter Renfrow,93784-64555:Calvin Ridley,93784-89981:Tee Higgins,93784-64585:Dawson Knox,93784-94370:Romeo Doubs,93784-12532:Detroit Lions
93784-57439:Patrick Mahomes,93784-136855:Bijan Robinson,93784-73273:David Montgomery,93784-29253:Keenan Allen,93784-53097:Josh Reynolds,93784-64581:Van Jefferson,93784-113228:Luke Musgrave,93784-85701:Ja'Marr Chase,93784-12532:Detroit Lions
93784-57439:Patrick Mahomes,93784-129368:Jahmyr Gibbs,93784-90428:Tyler Allgeier,93784-29253:Keenan Allen,93784-53097:Josh Reynolds,93784-64555:Calvin Ridley,93784-113228:Luke Musgrave,93784-91626:James Cook,93784-12532:Detroit Lions
93784-57439:Patrick Mahomes,93784-129368:Jahmyr Gibbs,93784-63759:Tony Pollard,93784-27050:Tyler Lockett,93784-53097:Josh Reynolds,93784-69956:Michael Gallup,93784-52436:Mark Andrews,93784-90428:Tyler Allgeier,93784-12532:Detroit Lions
93784-57439:Patrick Mahomes,93784-73273:David Montgomery,93784-91626:James Cook,93784-103020:Puka Nacua,93784-25079:Stefon Diggs,93784-39829:Mike Williams,93784-145558:Dalton Kincaid,93784-53097:Josh Reynolds,93784-12530:Dallas Cowboys
93784-57439:Patrick Mahomes,93784-136855:Bijan Robinson,93784-72731:Josh Jacobs,93784-40669:Tyler Boyd,93784-64555:Calvin Ridley,93784-69956:Michael Gallup,93784-113228:Luke Musgrave,93784-91626:James Cook,93784-12532:Detroit Lions
93784-57439:Patrick Mahomes,93784-73273:David Montgomery,93784-91626:James Cook,93784-39829:Mike Williams,93784-69956:Michael Gallup,93784-86631:CeeDee Lamb,93784-64585:Dawson Knox,93784-89981:Tee Higgins,93784-12532:Detroit Lions
93784-57439:Patrick Mahomes,93784-73273:David Montgomery,93784-90428:Tyler Allgeier,93784-112295:Zay Flowers,93784-29253:Keenan Allen,93784-69956:Michael Gallup,93784-113228:Luke Musgrave,93784-91872:Joshua Kelley,93784-12551:Tampa Bay Buccaneers
93784-57439:Patrick Mahomes,93784-129368:Jahmyr Gibbs,93784-72731:Josh Jacobs,93784-39829:Mike Williams,93784-60858:Christian Kirk,93784-73048:DK Metcalf,93784-105646:Sam LaPorta,93784-86997:Amon-Ra St. Brown,93784-12551:Tampa Bay Buccaneers
93784-57439:Patrick Mahomes,93784-90428:Tyler Allgeier,93784-91872:Joshua Kelley,93784-29253:Keenan Allen,93784-57986:Hunter Renfrow,93784-64555:Calvin Ridley,93784-113228:Luke Musgrave,93784-89981:Tee Higgins,93784-12532:Detroit Lions
93784-57439:Patrick Mahomes,93784-129368:Jahmyr Gibbs,93784-73273:David Montgomery,93784-103020:Puka Nacua,93784-27050:Tyler Lockett,93784-45889:Davante Adams,93784-52436:Mark Andrews,93784-60858:Christian Kirk,93784-12543:New York Giants
93784-57439:Patrick Mahomes,93784-90428:Tyler Allgeier,93784-91626:James Cook,93784-103020:Puka Nacua,93784-64555:Calvin Ridley,93784-69956:Michael Gallup,93784-105646:Sam LaPorta,93784-89981:Tee Higgins,93784-12551:Tampa Bay Buccaneers
93784-57439:Patrick Mahomes,93784-129368:Jahmyr Gibbs,93784-73273:David Montgomery,93784-27050:Tyler Lockett,93784-39829:Mike Williams,93784-69956:Michael Gallup,93784-105646:Sam LaPorta,93784-86997:Amon-Ra St. Brown,93784-12551:Tampa Bay Buccaneers
93784-57439:Patrick Mahomes,93784-90428:Tyler Allgeier,93784-91626:James Cook,93784-25079:Stefon Diggs,93784-57986:Hunter Renfrow,93784-60858:Christian Kirk,93784-64585:Dawson Knox,93784-73048:DK Metcalf,93784-12532:Detroit Lions
93784-57439:Patrick Mahomes,93784-129368:Jahmyr Gibbs,93784-91626:James Cook,93784-103020:Puka Nacua,93784-57986:Hunter Renfrow,93784-73048:DK Metcalf,93784-39793:George Kittle,93784-85701:Ja'Marr Chase,93784-12551:Tampa Bay Buccaneers
93784-57439:Patrick Mahomes,93784-90428:Tyler Allgeier,93784-93107:AJ Dillon,93784-27050:Tyler Lockett,93784-57986:Hunter Renfrow,93784-69956:Michael Gallup,93784-39793:George Kittle,93784-73048:DK Metcalf,93784-12551:Tampa Bay Buccaneers
93784-57439:Patrick Mahomes,93784-73273:David Montgomery,93784-91626:James Cook,93784-40669:Tyler Boyd,93784-69956:Michael Gallup,93784-85701:Ja'Marr Chase,93784-145558:Dalton Kincaid,93784-93107:AJ Dillon,93784-12532:Detroit Lions
93784-57439:Patrick Mahomes,93784-136855:Bijan Robinson,93784-73273:David Montgomery,93784-27050:Tyler Lockett,93784-41305:Zay Jones,93784-64555:Calvin Ridley,93784-113228:Luke Musgrave,93784-64581:Van Jefferson,93784-12543:New York Giants
93784-57439:Patrick Mahomes,93784-129368:Jahmyr Gibbs,93784-93107:AJ Dillon,93784-27050:Tyler Lockett,93784-60858:Christian Kirk,93784-86997:Amon-Ra St. Brown,93784-64585:Dawson Knox,93784-92976:Tutu Atwell,93784-12530:Dallas Cowboys
93784-57439:Patrick Mahomes,93784-72731:Josh Jacobs,93784-93107:AJ Dillon,93784-27050:Tyler Lockett,93784-39829:Mike Williams,93784-69956:Michael Gallup,93784-64585:Dawson Knox,93784-94370:Romeo Doubs,93784-12551:Tampa Bay Buccaneers
93784-57439:Patrick Mahomes,93784-63759:Tony Pollard,93784-72731:Josh Jacobs,93784-112295:Zay Flowers,93784-40669:Tyler Boyd,93784-45889:Davante Adams,93784-130270:Adam Trautman,93784-94370:Romeo Doubs,93784-12530:Dallas Cowboys
93784-57439:Patrick Mahomes,93784-90428:Tyler Allgeier,93784-93107:AJ Dillon,93784-39829:Mike Williams,93784-53097:Josh Reynolds,93784-86997:Amon-Ra St. Brown,93784-64585:Dawson Knox,93784-92976:Tutu Atwell,93784-12543:New York Giants
