,0,1,2,3,4
0,93773-62239:Josh Allen,93773-25079:Stefon Diggs,93773-54140:Dalvin Cook,93773-64576:Damien Harris,93773-93539:Michael Carter
0,93773-62239:Josh Allen,93773-12544:New York Jets,93773-25079:Stefon Diggs,93773-56809:Allen Lazard,93773-64585:Dawson Knox
0,93773-62239:Josh Allen,93773-22109:Greg Zuerlein,93773-25079:Stefon Diggs,93773-56809:Allen Lazard,93773-64585:Dawson Knox
0,93773-62239:Josh Allen,93773-12544:New York Jets,93773-25079:Stefon Diggs,93773-56809:Allen Lazard,93773-65128:Tyler Bass
0,93773-62239:Josh Allen,93773-22109:Greg Zuerlein,93773-25079:Stefon Diggs,93773-56809:Allen Lazard,93773-65128:Tyler Bass
0,93773-62239:Josh Allen,93773-12544:New York Jets,93773-22109:Greg Zuerlein,93773-25079:Stefon Diggs,93773-64576:Damien Harris
0,93773-62239:Josh Allen,93773-12526:Buffalo Bills,93773-22109:Greg Zuerlein,93773-64585:Dawson Knox,93773-6894:Aaron Rodgers
0,93773-62239:Josh Allen,93773-12526:Buffalo Bills,93773-60451:Tyler Conklin,93773-64585:Dawson Knox,93773-6894:Aaron Rodgers
0,93773-62239:Josh Allen,93773-60451:Tyler Conklin,93773-64585:Dawson Knox,93773-65128:Tyler Bass,93773-6894:Aaron Rodgers
0,93773-62239:Josh Allen,93773-22109:Greg Zuerlein,93773-64585:Dawson Knox,93773-65128:Tyler Bass,93773-6894:Aaron Rodgers
0,93773-62239:Josh Allen,93773-12544:New York Jets,93773-64585:Dawson Knox,93773-65128:Tyler Bass,93773-6894:Aaron Rodgers
0,93773-62239:Josh Allen,93773-12544:New York Jets,93773-22109:Greg Zuerlein,93773-25079:Stefon Diggs,93773-64585:Dawson Knox
0,93773-62239:Josh Allen,93773-12526:Buffalo Bills,93773-25079:Stefon Diggs,93773-56809:Allen Lazard,93773-60451:Tyler Conklin
0,93773-62239:Josh Allen,93773-145558:Dalton Kincaid,93773-25079:Stefon Diggs,93773-54140:Dalvin Cook,93773-60451:Tyler Conklin
0,93773-62239:Josh Allen,93773-25079:Stefon Diggs,93773-54140:Dalvin Cook,93773-64585:Dawson Knox,93773-93539:Michael Carter
0,93773-62239:Josh Allen,93773-25079:Stefon Diggs,93773-56809:Allen Lazard,93773-60451:Tyler Conklin,93773-64585:Dawson Knox
0,93773-62239:Josh Allen,93773-12544:New York Jets,93773-25079:Stefon Diggs,93773-60451:Tyler Conklin,93773-64585:Dawson Knox
0,93773-62239:Josh Allen,93773-25079:Stefon Diggs,93773-54140:Dalvin Cook,93773-65128:Tyler Bass,93773-93539:Michael Carter
0,93773-62239:Josh Allen,93773-22109:Greg Zuerlein,93773-25079:Stefon Diggs,93773-60451:Tyler Conklin,93773-64576:Damien Harris
0,93773-62239:Josh Allen,93773-25079:Stefon Diggs,93773-56809:Allen Lazard,93773-60451:Tyler Conklin,93773-64576:Damien Harris
0,93773-62239:Josh Allen,93773-12544:New York Jets,93773-25079:Stefon Diggs,93773-60451:Tyler Conklin,93773-65128:Tyler Bass
0,93773-62239:Josh Allen,93773-60451:Tyler Conklin,93773-64576:Damien Harris,93773-64585:Dawson Knox,93773-6894:Aaron Rodgers
0,93773-62239:Josh Allen,93773-12544:New York Jets,93773-25079:Stefon Diggs,93773-60451:Tyler Conklin,93773-64576:Damien Harris
0,93773-62239:Josh Allen,93773-25079:Stefon Diggs,93773-56809:Allen Lazard,93773-60451:Tyler Conklin,93773-65128:Tyler Bass
0,93773-62239:Josh Allen,93773-22109:Greg Zuerlein,93773-64576:Damien Harris,93773-64585:Dawson Knox,93773-6894:Aaron Rodgers
0,93773-62239:Josh Allen,93773-12544:New York Jets,93773-22109:Greg Zuerlein,93773-25079:Stefon Diggs,93773-65128:Tyler Bass
0,93773-62239:Josh Allen,93773-22109:Greg Zuerlein,93773-25079:Stefon Diggs,93773-56809:Allen Lazard,93773-64576:Damien Harris
0,93773-62239:Josh Allen,93773-60451:Tyler Conklin,93773-64576:Damien Harris,93773-65128:Tyler Bass,93773-6894:Aaron Rodgers
0,93773-62239:Josh Allen,93773-25079:Stefon Diggs,93773-54140:Dalvin Cook,93773-64585:Dawson Knox,93773-71352:Mecole Hardman Jr.
0,93773-62239:Josh Allen,93773-12544:New York Jets,93773-145558:Dalton Kincaid,93773-25079:Stefon Diggs,93773-54140:Dalvin Cook
0,93773-62239:Josh Allen,93773-145558:Dalton Kincaid,93773-22109:Greg Zuerlein,93773-25079:Stefon Diggs,93773-54140:Dalvin Cook
0,93773-62239:Josh Allen,93773-25079:Stefon Diggs,93773-54140:Dalvin Cook,93773-65128:Tyler Bass,93773-71352:Mecole Hardman Jr.
0,93773-62239:Josh Allen,93773-12526:Buffalo Bills,93773-22109:Greg Zuerlein,93773-25079:Stefon Diggs,93773-56809:Allen Lazard
0,93773-62239:Josh Allen,93773-12544:New York Jets,93773-25079:Stefon Diggs,93773-60451:Tyler Conklin,93773-91626:James Cook
0,93773-62239:Josh Allen,93773-22109:Greg Zuerlein,93773-25079:Stefon Diggs,93773-60451:Tyler Conklin,93773-91626:James Cook
0,93773-62239:Josh Allen,93773-12526:Buffalo Bills,93773-12544:New York Jets,93773-22109:Greg Zuerlein,93773-25079:Stefon Diggs
0,93773-62239:Josh Allen,93773-22109:Greg Zuerlein,93773-25079:Stefon Diggs,93773-60451:Tyler Conklin,93773-94534:Gabe Davis
0,93773-62239:Josh Allen,93773-12526:Buffalo Bills,93773-25079:Stefon Diggs,93773-54140:Dalvin Cook,93773-93539:Michael Carter
0,93773-62239:Josh Allen,93773-12526:Buffalo Bills,93773-12544:New York Jets,93773-25079:Stefon Diggs,93773-60451:Tyler Conklin
0,93773-62239:Josh Allen,93773-12526:Buffalo Bills,93773-22109:Greg Zuerlein,93773-65128:Tyler Bass,93773-6894:Aaron Rodgers
0,93773-62239:Josh Allen,93773-12526:Buffalo Bills,93773-60451:Tyler Conklin,93773-65128:Tyler Bass,93773-6894:Aaron Rodgers
0,93773-62239:Josh Allen,93773-12544:New York Jets,93773-22109:Greg Zuerlein,93773-25079:Stefon Diggs,93773-91626:James Cook
0,93773-62239:Josh Allen,93773-22109:Greg Zuerlein,93773-64576:Damien Harris,93773-65128:Tyler Bass,93773-6894:Aaron Rodgers
0,93773-62239:Josh Allen,93773-12526:Buffalo Bills,93773-22109:Greg Zuerlein,93773-25079:Stefon Diggs,93773-60451:Tyler Conklin
0,93773-62239:Josh Allen,93773-12544:New York Jets,93773-25079:Stefon Diggs,93773-71352:Mecole Hardman Jr.,93773-94534:Gabe Davis
0,93773-62239:Josh Allen,93773-12526:Buffalo Bills,93773-64576:Damien Harris,93773-6894:Aaron Rodgers,93773-93539:Michael Carter
0,93773-62239:Josh Allen,93773-12526:Buffalo Bills,93773-64585:Dawson Knox,93773-6894:Aaron Rodgers,93773-71352:Mecole Hardman Jr.
0,93773-62239:Josh Allen,93773-12526:Buffalo Bills,93773-64576:Damien Harris,93773-6894:Aaron Rodgers,93773-71352:Mecole Hardman Jr.
0,93773-62239:Josh Allen,93773-103564:Garrett Wilson,93773-145558:Dalton Kincaid,93773-25079:Stefon Diggs,93773-93539:Michael Carter
0,93773-62239:Josh Allen,93773-12526:Buffalo Bills,93773-25079:Stefon Diggs,93773-56809:Allen Lazard,93773-93539:Michael Carter
0,93773-62239:Josh Allen,93773-22109:Greg Zuerlein,93773-25079:Stefon Diggs,93773-71352:Mecole Hardman Jr.,93773-94534:Gabe Davis
0,93773-62239:Josh Allen,93773-145558:Dalton Kincaid,93773-25079:Stefon Diggs,93773-54140:Dalvin Cook,93773-93539:Michael Carter
0,93773-62239:Josh Allen,93773-25079:Stefon Diggs,93773-56809:Allen Lazard,93773-64576:Damien Harris,93773-93539:Michael Carter
0,93773-62239:Josh Allen,93773-25079:Stefon Diggs,93773-56809:Allen Lazard,93773-65128:Tyler Bass,93773-93539:Michael Carter
0,93773-62239:Josh Allen,93773-64576:Damien Harris,93773-64585:Dawson Knox,93773-6894:Aaron Rodgers,93773-71352:Mecole Hardman Jr.
0,93773-62239:Josh Allen,93773-12526:Buffalo Bills,93773-65128:Tyler Bass,93773-6894:Aaron Rodgers,93773-71352:Mecole Hardman Jr.
0,93773-62239:Josh Allen,93773-64585:Dawson Knox,93773-65128:Tyler Bass,93773-6894:Aaron Rodgers,93773-71352:Mecole Hardman Jr.
0,93773-62239:Josh Allen,93773-64576:Damien Harris,93773-65128:Tyler Bass,93773-6894:Aaron Rodgers,93773-71352:Mecole Hardman Jr.
0,93773-62239:Josh Allen,93773-54140:Dalvin Cook,93773-56809:Allen Lazard,93773-65128:Tyler Bass,93773-94534:Gabe Davis
0,93773-62239:Josh Allen,93773-64585:Dawson Knox,93773-6894:Aaron Rodgers,93773-93539:Michael Carter,93773-94534:Gabe Davis
0,93773-62239:Josh Allen,93773-103564:Garrett Wilson,93773-12526:Buffalo Bills,93773-60451:Tyler Conklin,93773-91626:James Cook
0,93773-62239:Josh Allen,93773-12526:Buffalo Bills,93773-54140:Dalvin Cook,93773-60451:Tyler Conklin,93773-91626:James Cook
0,93773-62239:Josh Allen,93773-12526:Buffalo Bills,93773-54140:Dalvin Cook,93773-56809:Allen Lazard,93773-91626:James Cook
0,93773-62239:Josh Allen,93773-103564:Garrett Wilson,93773-22109:Greg Zuerlein,93773-65128:Tyler Bass,93773-91626:James Cook
0,93773-62239:Josh Allen,93773-12544:New York Jets,93773-25079:Stefon Diggs,93773-93539:Michael Carter,93773-94534:Gabe Davis
0,93773-62239:Josh Allen,93773-54140:Dalvin Cook,93773-60451:Tyler Conklin,93773-65128:Tyler Bass,93773-91626:James Cook
0,93773-62239:Josh Allen,93773-103564:Garrett Wilson,93773-60451:Tyler Conklin,93773-65128:Tyler Bass,93773-91626:James Cook
0,93773-62239:Josh Allen,93773-54140:Dalvin Cook,93773-56809:Allen Lazard,93773-65128:Tyler Bass,93773-91626:James Cook
0,93773-62239:Josh Allen,93773-22109:Greg Zuerlein,93773-54140:Dalvin Cook,93773-65128:Tyler Bass,93773-91626:James Cook
0,93773-62239:Josh Allen,93773-12544:New York Jets,93773-54140:Dalvin Cook,93773-65128:Tyler Bass,93773-91626:James Cook
0,93773-62239:Josh Allen,93773-22109:Greg Zuerlein,93773-25079:Stefon Diggs,93773-93539:Michael Carter,93773-94534:Gabe Davis
0,93773-62239:Josh Allen,93773-103564:Garrett Wilson,93773-12526:Buffalo Bills,93773-22109:Greg Zuerlein,93773-94534:Gabe Davis
0,93773-62239:Josh Allen,93773-103564:Garrett Wilson,93773-12526:Buffalo Bills,93773-22109:Greg Zuerlein,93773-91626:James Cook
0,93773-62239:Josh Allen,93773-12526:Buffalo Bills,93773-12544:New York Jets,93773-54140:Dalvin Cook,93773-91626:James Cook
0,93773-62239:Josh Allen,93773-12526:Buffalo Bills,93773-64585:Dawson Knox,93773-6894:Aaron Rodgers,93773-93539:Michael Carter
0,93773-62239:Josh Allen,93773-12526:Buffalo Bills,93773-54140:Dalvin Cook,93773-60451:Tyler Conklin,93773-94534:Gabe Davis
0,93773-62239:Josh Allen,93773-12526:Buffalo Bills,93773-22109:Greg Zuerlein,93773-54140:Dalvin Cook,93773-94534:Gabe Davis
0,93773-62239:Josh Allen,93773-12526:Buffalo Bills,93773-12544:New York Jets,93773-54140:Dalvin Cook,93773-94534:Gabe Davis
0,93773-62239:Josh Allen,93773-54140:Dalvin Cook,93773-60451:Tyler Conklin,93773-91626:James Cook,93773-94534:Gabe Davis
0,93773-62239:Josh Allen,93773-12526:Buffalo Bills,93773-22109:Greg Zuerlein,93773-54140:Dalvin Cook,93773-91626:James Cook
0,93773-62239:Josh Allen,93773-103564:Garrett Wilson,93773-12526:Buffalo Bills,93773-60451:Tyler Conklin,93773-94534:Gabe Davis
0,93773-62239:Josh Allen,93773-25079:Stefon Diggs,93773-60451:Tyler Conklin,93773-93539:Michael Carter,93773-94534:Gabe Davis
0,93773-62239:Josh Allen,93773-103564:Garrett Wilson,93773-12544:New York Jets,93773-65128:Tyler Bass,93773-91626:James Cook
0,93773-62239:Josh Allen,93773-103564:Garrett Wilson,93773-22109:Greg Zuerlein,93773-65128:Tyler Bass,93773-94534:Gabe Davis
0,93773-62239:Josh Allen,93773-25079:Stefon Diggs,93773-56809:Allen Lazard,93773-91626:James Cook,93773-93539:Michael Carter
0,93773-62239:Josh Allen,93773-54140:Dalvin Cook,93773-60451:Tyler Conklin,93773-65128:Tyler Bass,93773-94534:Gabe Davis
0,93773-62239:Josh Allen,93773-25079:Stefon Diggs,93773-60451:Tyler Conklin,93773-91626:James Cook,93773-93539:Michael Carter
0,93773-62239:Josh Allen,93773-12544:New York Jets,93773-25079:Stefon Diggs,93773-91626:James Cook,93773-93539:Michael Carter
0,93773-62239:Josh Allen,93773-22109:Greg Zuerlein,93773-25079:Stefon Diggs,93773-91626:James Cook,93773-93539:Michael Carter
0,93773-62239:Josh Allen,93773-145558:Dalton Kincaid,93773-60451:Tyler Conklin,93773-6894:Aaron Rodgers,93773-91626:James Cook
0,93773-62239:Josh Allen,93773-103564:Garrett Wilson,93773-60451:Tyler Conklin,93773-65128:Tyler Bass,93773-94534:Gabe Davis
0,93773-62239:Josh Allen,93773-64585:Dawson Knox,93773-6894:Aaron Rodgers,93773-91626:James Cook,93773-93539:Michael Carter
0,93773-62239:Josh Allen,93773-145558:Dalton Kincaid,93773-22109:Greg Zuerlein,93773-6894:Aaron Rodgers,93773-91626:James Cook
0,93773-62239:Josh Allen,93773-64576:Damien Harris,93773-64585:Dawson Knox,93773-6894:Aaron Rodgers,93773-93539:Michael Carter
0,93773-62239:Josh Allen,93773-12526:Buffalo Bills,93773-65128:Tyler Bass,93773-6894:Aaron Rodgers,93773-93539:Michael Carter
0,93773-62239:Josh Allen,93773-64585:Dawson Knox,93773-65128:Tyler Bass,93773-6894:Aaron Rodgers,93773-93539:Michael Carter
0,93773-62239:Josh Allen,93773-64576:Damien Harris,93773-65128:Tyler Bass,93773-6894:Aaron Rodgers,93773-93539:Michael Carter
0,93773-62239:Josh Allen,93773-65128:Tyler Bass,93773-6894:Aaron Rodgers,93773-91626:James Cook,93773-93539:Michael Carter
0,93773-62239:Josh Allen,93773-25079:Stefon Diggs,93773-54140:Dalvin Cook,93773-60451:Tyler Conklin,93773-86518:Khalil Shakir
0,93773-62239:Josh Allen,93773-103564:Garrett Wilson,93773-12544:New York Jets,93773-64585:Dawson Knox,93773-91626:James Cook
0,93773-62239:Josh Allen,93773-103564:Garrett Wilson,93773-22109:Greg Zuerlein,93773-64585:Dawson Knox,93773-91626:James Cook
0,93773-62239:Josh Allen,93773-25079:Stefon Diggs,93773-56809:Allen Lazard,93773-93539:Michael Carter,93773-94534:Gabe Davis
0,93773-62239:Josh Allen,93773-103564:Garrett Wilson,93773-60451:Tyler Conklin,93773-64585:Dawson Knox,93773-91626:James Cook
0,93773-62239:Josh Allen,93773-54140:Dalvin Cook,93773-56809:Allen Lazard,93773-64585:Dawson Knox,93773-91626:James Cook
0,93773-62239:Josh Allen,93773-12544:New York Jets,93773-54140:Dalvin Cook,93773-64585:Dawson Knox,93773-91626:James Cook
0,93773-62239:Josh Allen,93773-12544:New York Jets,93773-54140:Dalvin Cook,93773-64576:Damien Harris,93773-91626:James Cook
0,93773-62239:Josh Allen,93773-22109:Greg Zuerlein,93773-54140:Dalvin Cook,93773-64576:Damien Harris,93773-91626:James Cook
0,93773-62239:Josh Allen,93773-22109:Greg Zuerlein,93773-54140:Dalvin Cook,93773-65128:Tyler Bass,93773-94534:Gabe Davis
0,93773-62239:Josh Allen,93773-12544:New York Jets,93773-54140:Dalvin Cook,93773-65128:Tyler Bass,93773-94534:Gabe Davis
0,93773-62239:Josh Allen,93773-22109:Greg Zuerlein,93773-25079:Stefon Diggs,93773-54140:Dalvin Cook,93773-86518:Khalil Shakir
0,93773-62239:Josh Allen,93773-103564:Garrett Wilson,93773-22109:Greg Zuerlein,93773-64576:Damien Harris,93773-91626:James Cook
0,93773-62239:Josh Allen,93773-54140:Dalvin Cook,93773-60451:Tyler Conklin,93773-64576:Damien Harris,93773-91626:James Cook
0,93773-62239:Josh Allen,93773-103564:Garrett Wilson,93773-60451:Tyler Conklin,93773-64576:Damien Harris,93773-91626:James Cook
0,93773-25079:Stefon Diggs,93773-54140:Dalvin Cook,93773-64585:Dawson Knox,93773-65128:Tyler Bass,93773-6894:Aaron Rodgers
0,93773-25079:Stefon Diggs,93773-54140:Dalvin Cook,93773-62239:Josh Allen,93773-64576:Damien Harris,93773-93539:Michael Carter
0,93773-25079:Stefon Diggs,93773-12544:New York Jets,93773-56809:Allen Lazard,93773-62239:Josh Allen,93773-64585:Dawson Knox
0,93773-25079:Stefon Diggs,93773-145558:Dalton Kincaid,93773-54140:Dalvin Cook,93773-64585:Dawson Knox,93773-6894:Aaron Rodgers
0,93773-25079:Stefon Diggs,93773-22109:Greg Zuerlein,93773-56809:Allen Lazard,93773-62239:Josh Allen,93773-64585:Dawson Knox
0,93773-25079:Stefon Diggs,93773-12544:New York Jets,93773-56809:Allen Lazard,93773-62239:Josh Allen,93773-65128:Tyler Bass
0,93773-25079:Stefon Diggs,93773-22109:Greg Zuerlein,93773-56809:Allen Lazard,93773-62239:Josh Allen,93773-65128:Tyler Bass
0,93773-25079:Stefon Diggs,93773-12544:New York Jets,93773-22109:Greg Zuerlein,93773-62239:Josh Allen,93773-64576:Damien Harris
0,93773-25079:Stefon Diggs,93773-103564:Garrett Wilson,93773-12526:Buffalo Bills,93773-54140:Dalvin Cook,93773-64576:Damien Harris
0,93773-25079:Stefon Diggs,93773-60451:Tyler Conklin,93773-65128:Tyler Bass,93773-6894:Aaron Rodgers,93773-94534:Gabe Davis
0,93773-25079:Stefon Diggs,93773-103564:Garrett Wilson,93773-54140:Dalvin Cook,93773-64585:Dawson Knox,93773-91626:James Cook
0,93773-25079:Stefon Diggs,93773-56809:Allen Lazard,93773-64585:Dawson Knox,93773-65128:Tyler Bass,93773-6894:Aaron Rodgers
0,93773-25079:Stefon Diggs,93773-12544:New York Jets,93773-22109:Greg Zuerlein,93773-62239:Josh Allen,93773-64585:Dawson Knox
0,93773-25079:Stefon Diggs,93773-12526:Buffalo Bills,93773-56809:Allen Lazard,93773-60451:Tyler Conklin,93773-62239:Josh Allen
0,93773-25079:Stefon Diggs,93773-12544:New York Jets,93773-64576:Damien Harris,93773-65128:Tyler Bass,93773-6894:Aaron Rodgers
0,93773-25079:Stefon Diggs,93773-60451:Tyler Conklin,93773-64585:Dawson Knox,93773-6894:Aaron Rodgers,93773-91626:James Cook
0,93773-25079:Stefon Diggs,93773-103564:Garrett Wilson,93773-145558:Dalton Kincaid,93773-65128:Tyler Bass,93773-6894:Aaron Rodgers
0,93773-25079:Stefon Diggs,93773-145558:Dalton Kincaid,93773-54140:Dalvin Cook,93773-60451:Tyler Conklin,93773-62239:Josh Allen
0,93773-25079:Stefon Diggs,93773-12526:Buffalo Bills,93773-56809:Allen Lazard,93773-64585:Dawson Knox,93773-6894:Aaron Rodgers
0,93773-25079:Stefon Diggs,93773-54140:Dalvin Cook,93773-62239:Josh Allen,93773-64585:Dawson Knox,93773-93539:Michael Carter
0,93773-25079:Stefon Diggs,93773-56809:Allen Lazard,93773-60451:Tyler Conklin,93773-62239:Josh Allen,93773-64585:Dawson Knox
0,93773-25079:Stefon Diggs,93773-12544:New York Jets,93773-60451:Tyler Conklin,93773-62239:Josh Allen,93773-64585:Dawson Knox
0,93773-25079:Stefon Diggs,93773-54140:Dalvin Cook,93773-62239:Josh Allen,93773-65128:Tyler Bass,93773-93539:Michael Carter
0,93773-25079:Stefon Diggs,93773-56809:Allen Lazard,93773-64585:Dawson Knox,93773-6894:Aaron Rodgers,93773-91626:James Cook
0,93773-25079:Stefon Diggs,93773-12526:Buffalo Bills,93773-12544:New York Jets,93773-65128:Tyler Bass,93773-6894:Aaron Rodgers
0,93773-25079:Stefon Diggs,93773-22109:Greg Zuerlein,93773-64576:Damien Harris,93773-6894:Aaron Rodgers,93773-91626:James Cook
0,93773-25079:Stefon Diggs,93773-12526:Buffalo Bills,93773-56809:Allen Lazard,93773-64576:Damien Harris,93773-6894:Aaron Rodgers
0,93773-25079:Stefon Diggs,93773-103564:Garrett Wilson,93773-12526:Buffalo Bills,93773-54140:Dalvin Cook,93773-65128:Tyler Bass
0,93773-25079:Stefon Diggs,93773-12526:Buffalo Bills,93773-22109:Greg Zuerlein,93773-64576:Damien Harris,93773-6894:Aaron Rodgers
0,93773-25079:Stefon Diggs,93773-12526:Buffalo Bills,93773-12544:New York Jets,93773-64576:Damien Harris,93773-6894:Aaron Rodgers
0,93773-6894:Aaron Rodgers,93773-22109:Greg Zuerlein,93773-25079:Stefon Diggs,93773-54140:Dalvin Cook,93773-64576:Damien Harris
0,93773-6894:Aaron Rodgers,93773-22109:Greg Zuerlein,93773-25079:Stefon Diggs,93773-54140:Dalvin Cook,93773-65128:Tyler Bass
0,93773-6894:Aaron Rodgers,93773-25079:Stefon Diggs,93773-54140:Dalvin Cook,93773-60451:Tyler Conklin,93773-64576:Damien Harris
0,93773-6894:Aaron Rodgers,93773-22109:Greg Zuerlein,93773-25079:Stefon Diggs,93773-54140:Dalvin Cook,93773-64585:Dawson Knox
0,93773-6894:Aaron Rodgers,93773-12526:Buffalo Bills,93773-22109:Greg Zuerlein,93773-25079:Stefon Diggs,93773-54140:Dalvin Cook
0,93773-6894:Aaron Rodgers,93773-25079:Stefon Diggs,93773-54140:Dalvin Cook,93773-60451:Tyler Conklin,93773-65128:Tyler Bass
0,93773-6894:Aaron Rodgers,93773-12544:New York Jets,93773-25079:Stefon Diggs,93773-54140:Dalvin Cook,93773-64585:Dawson Knox
0,93773-6894:Aaron Rodgers,93773-12526:Buffalo Bills,93773-25079:Stefon Diggs,93773-54140:Dalvin Cook,93773-60451:Tyler Conklin
0,93773-6894:Aaron Rodgers,93773-25079:Stefon Diggs,93773-54140:Dalvin Cook,93773-60451:Tyler Conklin,93773-64585:Dawson Knox
0,93773-6894:Aaron Rodgers,93773-103564:Garrett Wilson,93773-12526:Buffalo Bills,93773-54140:Dalvin Cook,93773-64585:Dawson Knox
0,93773-6894:Aaron Rodgers,93773-25079:Stefon Diggs,93773-54140:Dalvin Cook,93773-65128:Tyler Bass,93773-71352:Mecole Hardman Jr.
0,93773-6894:Aaron Rodgers,93773-22109:Greg Zuerlein,93773-56809:Allen Lazard,93773-62239:Josh Allen,93773-64585:Dawson Knox
0,93773-6894:Aaron Rodgers,93773-22109:Greg Zuerlein,93773-60451:Tyler Conklin,93773-62239:Josh Allen,93773-64585:Dawson Knox
0,93773-6894:Aaron Rodgers,93773-12526:Buffalo Bills,93773-25079:Stefon Diggs,93773-54140:Dalvin Cook,93773-93539:Michael Carter
0,93773-6894:Aaron Rodgers,93773-12544:New York Jets,93773-22109:Greg Zuerlein,93773-62239:Josh Allen,93773-64585:Dawson Knox
0,93773-6894:Aaron Rodgers,93773-56809:Allen Lazard,93773-60451:Tyler Conklin,93773-62239:Josh Allen,93773-64585:Dawson Knox
0,93773-6894:Aaron Rodgers,93773-12526:Buffalo Bills,93773-12544:New York Jets,93773-25079:Stefon Diggs,93773-56809:Allen Lazard
0,93773-6894:Aaron Rodgers,93773-12544:New York Jets,93773-60451:Tyler Conklin,93773-62239:Josh Allen,93773-64585:Dawson Knox
0,93773-6894:Aaron Rodgers,93773-12526:Buffalo Bills,93773-22109:Greg Zuerlein,93773-25079:Stefon Diggs,93773-56809:Allen Lazard
0,93773-6894:Aaron Rodgers,93773-103564:Garrett Wilson,93773-54140:Dalvin Cook,93773-64585:Dawson Knox,93773-65128:Tyler Bass
0,93773-6894:Aaron Rodgers,93773-145558:Dalton Kincaid,93773-25079:Stefon Diggs,93773-54140:Dalvin Cook,93773-56809:Allen Lazard
0,93773-6894:Aaron Rodgers,93773-12544:New York Jets,93773-25079:Stefon Diggs,93773-56809:Allen Lazard,93773-64585:Dawson Knox
0,93773-6894:Aaron Rodgers,93773-22109:Greg Zuerlein,93773-25079:Stefon Diggs,93773-56809:Allen Lazard,93773-64576:Damien Harris
0,93773-6894:Aaron Rodgers,93773-12544:New York Jets,93773-25079:Stefon Diggs,93773-56809:Allen Lazard,93773-64576:Damien Harris
0,93773-6894:Aaron Rodgers,93773-25079:Stefon Diggs,93773-56809:Allen Lazard,93773-60451:Tyler Conklin,93773-91626:James Cook
0,93773-6894:Aaron Rodgers,93773-12544:New York Jets,93773-22109:Greg Zuerlein,93773-62239:Josh Allen,93773-64576:Damien Harris
0,93773-6894:Aaron Rodgers,93773-22109:Greg Zuerlein,93773-60451:Tyler Conklin,93773-62239:Josh Allen,93773-64576:Damien Harris
0,93773-6894:Aaron Rodgers,93773-12544:New York Jets,93773-60451:Tyler Conklin,93773-62239:Josh Allen,93773-64576:Damien Harris
0,93773-6894:Aaron Rodgers,93773-103564:Garrett Wilson,93773-12526:Buffalo Bills,93773-25079:Stefon Diggs,93773-93539:Michael Carter
0,93773-6894:Aaron Rodgers,93773-25079:Stefon Diggs,93773-54140:Dalvin Cook,93773-64576:Damien Harris,93773-93539:Michael Carter
0,93773-6894:Aaron Rodgers,93773-103564:Garrett Wilson,93773-25079:Stefon Diggs,93773-65128:Tyler Bass,93773-93539:Michael Carter
0,93773-6894:Aaron Rodgers,93773-22109:Greg Zuerlein,93773-25079:Stefon Diggs,93773-60451:Tyler Conklin,93773-91626:James Cook
0,93773-6894:Aaron Rodgers,93773-25079:Stefon Diggs,93773-54140:Dalvin Cook,93773-64585:Dawson Knox,93773-93539:Michael Carter
0,93773-6894:Aaron Rodgers,93773-103564:Garrett Wilson,93773-25079:Stefon Diggs,93773-64576:Damien Harris,93773-93539:Michael Carter
0,93773-6894:Aaron Rodgers,93773-145558:Dalton Kincaid,93773-22109:Greg Zuerlein,93773-25079:Stefon Diggs,93773-54140:Dalvin Cook
0,93773-6894:Aaron Rodgers,93773-12544:New York Jets,93773-22109:Greg Zuerlein,93773-25079:Stefon Diggs,93773-94534:Gabe Davis
0,93773-6894:Aaron Rodgers,93773-103564:Garrett Wilson,93773-25079:Stefon Diggs,93773-64585:Dawson Knox,93773-93539:Michael Carter
0,93773-6894:Aaron Rodgers,93773-12544:New York Jets,93773-25079:Stefon Diggs,93773-60451:Tyler Conklin,93773-91626:James Cook
0,93773-6894:Aaron Rodgers,93773-25079:Stefon Diggs,93773-54140:Dalvin Cook,93773-65128:Tyler Bass,93773-93539:Michael Carter
0,93773-6894:Aaron Rodgers,93773-12544:New York Jets,93773-145558:Dalton Kincaid,93773-25079:Stefon Diggs,93773-54140:Dalvin Cook
0,93773-6894:Aaron Rodgers,93773-25079:Stefon Diggs,93773-56809:Allen Lazard,93773-60451:Tyler Conklin,93773-64576:Damien Harris
0,93773-6894:Aaron Rodgers,93773-103564:Garrett Wilson,93773-12544:New York Jets,93773-145558:Dalton Kincaid,93773-25079:Stefon Diggs
0,93773-6894:Aaron Rodgers,93773-103564:Garrett Wilson,93773-54140:Dalvin Cook,93773-64576:Damien Harris,93773-64585:Dawson Knox
0,93773-6894:Aaron Rodgers,93773-22109:Greg Zuerlein,93773-25079:Stefon Diggs,93773-56809:Allen Lazard,93773-91626:James Cook
0,93773-6894:Aaron Rodgers,93773-25079:Stefon Diggs,93773-54140:Dalvin Cook,93773-91626:James Cook,93773-93539:Michael Carter
0,93773-6894:Aaron Rodgers,93773-103564:Garrett Wilson,93773-145558:Dalton Kincaid,93773-22109:Greg Zuerlein,93773-25079:Stefon Diggs
0,93773-6894:Aaron Rodgers,93773-12526:Buffalo Bills,93773-12544:New York Jets,93773-60451:Tyler Conklin,93773-62239:Josh Allen
0,93773-6894:Aaron Rodgers,93773-103564:Garrett Wilson,93773-25079:Stefon Diggs,93773-64585:Dawson Knox,93773-71352:Mecole Hardman Jr.
0,93773-6894:Aaron Rodgers,93773-22109:Greg Zuerlein,93773-25079:Stefon Diggs,93773-56809:Allen Lazard,93773-94534:Gabe Davis
0,93773-6894:Aaron Rodgers,93773-103564:Garrett Wilson,93773-25079:Stefon Diggs,93773-65128:Tyler Bass,93773-71352:Mecole Hardman Jr.
0,93773-6894:Aaron Rodgers,93773-12526:Buffalo Bills,93773-12544:New York Jets,93773-22109:Greg Zuerlein,93773-62239:Josh Allen
0,93773-6894:Aaron Rodgers,93773-145558:Dalton Kincaid,93773-25079:Stefon Diggs,93773-54140:Dalvin Cook,93773-60451:Tyler Conklin
0,93773-6894:Aaron Rodgers,93773-12526:Buffalo Bills,93773-25079:Stefon Diggs,93773-56809:Allen Lazard,93773-60451:Tyler Conklin
0,93773-6894:Aaron Rodgers,93773-103564:Garrett Wilson,93773-145558:Dalton Kincaid,93773-25079:Stefon Diggs,93773-60451:Tyler Conklin
0,93773-6894:Aaron Rodgers,93773-25079:Stefon Diggs,93773-54140:Dalvin Cook,93773-64585:Dawson Knox,93773-71352:Mecole Hardman Jr.
0,93773-6894:Aaron Rodgers,93773-12526:Buffalo Bills,93773-22109:Greg Zuerlein,93773-60451:Tyler Conklin,93773-62239:Josh Allen
0,93773-6894:Aaron Rodgers,93773-12544:New York Jets,93773-22109:Greg Zuerlein,93773-25079:Stefon Diggs,93773-91626:James Cook
0,93773-6894:Aaron Rodgers,93773-22109:Greg Zuerlein,93773-25079:Stefon Diggs,93773-60451:Tyler Conklin,93773-94534:Gabe Davis
0,93773-6894:Aaron Rodgers,93773-12544:New York Jets,93773-25079:Stefon Diggs,93773-60451:Tyler Conklin,93773-94534:Gabe Davis
0,93773-6894:Aaron Rodgers,93773-25079:Stefon Diggs,93773-54140:Dalvin Cook,93773-64576:Damien Harris,93773-71352:Mecole Hardman Jr.
0,93773-6894:Aaron Rodgers,93773-25079:Stefon Diggs,93773-56809:Allen Lazard,93773-60451:Tyler Conklin,93773-94534:Gabe Davis
0,93773-6894:Aaron Rodgers,93773-12526:Buffalo Bills,93773-25079:Stefon Diggs,93773-54140:Dalvin Cook,93773-71352:Mecole Hardman Jr.
0,93773-6894:Aaron Rodgers,93773-12544:New York Jets,93773-25079:Stefon Diggs,93773-56809:Allen Lazard,93773-65128:Tyler Bass
0,93773-6894:Aaron Rodgers,93773-22109:Greg Zuerlein,93773-25079:Stefon Diggs,93773-56809:Allen Lazard,93773-65128:Tyler Bass
0,93773-6894:Aaron Rodgers,93773-12544:New York Jets,93773-22109:Greg Zuerlein,93773-62239:Josh Allen,93773-65128:Tyler Bass
0,93773-6894:Aaron Rodgers,93773-22109:Greg Zuerlein,93773-60451:Tyler Conklin,93773-62239:Josh Allen,93773-65128:Tyler Bass
0,93773-6894:Aaron Rodgers,93773-12544:New York Jets,93773-60451:Tyler Conklin,93773-62239:Josh Allen,93773-65128:Tyler Bass
0,93773-6894:Aaron Rodgers,93773-103564:Garrett Wilson,93773-54140:Dalvin Cook,93773-64576:Damien Harris,93773-65128:Tyler Bass
0,93773-6894:Aaron Rodgers,93773-103564:Garrett Wilson,93773-12526:Buffalo Bills,93773-54140:Dalvin Cook,93773-65128:Tyler Bass
0,93773-6894:Aaron Rodgers,93773-25079:Stefon Diggs,93773-56809:Allen Lazard,93773-60451:Tyler Conklin,93773-65128:Tyler Bass
0,93773-6894:Aaron Rodgers,93773-103564:Garrett Wilson,93773-12526:Buffalo Bills,93773-60451:Tyler Conklin,93773-91626:James Cook
0,93773-6894:Aaron Rodgers,93773-12526:Buffalo Bills,93773-12544:New York Jets,93773-62239:Josh Allen,93773-71352:Mecole Hardman Jr.
0,93773-6894:Aaron Rodgers,93773-103564:Garrett Wilson,93773-56809:Allen Lazard,93773-64585:Dawson Knox,93773-91626:James Cook
0,93773-6894:Aaron Rodgers,93773-12544:New York Jets,93773-62239:Josh Allen,93773-64585:Dawson Knox,93773-71352:Mecole Hardman Jr.
0,93773-6894:Aaron Rodgers,93773-12526:Buffalo Bills,93773-12544:New York Jets,93773-62239:Josh Allen,93773-93539:Michael Carter
0,93773-6894:Aaron Rodgers,93773-60451:Tyler Conklin,93773-62239:Josh Allen,93773-64576:Damien Harris,93773-93539:Michael Carter
0,93773-6894:Aaron Rodgers,93773-60451:Tyler Conklin,93773-62239:Josh Allen,93773-64576:Damien Harris,93773-71352:Mecole Hardman Jr.
0,93773-6894:Aaron Rodgers,93773-12526:Buffalo Bills,93773-22109:Greg Zuerlein,93773-62239:Josh Allen,93773-71352:Mecole Hardman Jr.
0,93773-6894:Aaron Rodgers,93773-103564:Garrett Wilson,93773-22109:Greg Zuerlein,93773-65128:Tyler Bass,93773-91626:James Cook
0,93773-6894:Aaron Rodgers,93773-56809:Allen Lazard,93773-62239:Josh Allen,93773-64576:Damien Harris,93773-71352:Mecole Hardman Jr.
0,93773-6894:Aaron Rodgers,93773-56809:Allen Lazard,93773-62239:Josh Allen,93773-64576:Damien Harris,93773-93539:Michael Carter
0,93773-6894:Aaron Rodgers,93773-103564:Garrett Wilson,93773-12544:New York Jets,93773-65128:Tyler Bass,93773-91626:James Cook
0,93773-6894:Aaron Rodgers,93773-22109:Greg Zuerlein,93773-62239:Josh Allen,93773-64576:Damien Harris,93773-93539:Michael Carter
0,93773-6894:Aaron Rodgers,93773-12544:New York Jets,93773-62239:Josh Allen,93773-64576:Damien Harris,93773-71352:Mecole Hardman Jr.
0,93773-6894:Aaron Rodgers,93773-12544:New York Jets,93773-62239:Josh Allen,93773-64576:Damien Harris,93773-93539:Michael Carter
0,93773-6894:Aaron Rodgers,93773-54140:Dalvin Cook,93773-56809:Allen Lazard,93773-64585:Dawson Knox,93773-91626:James Cook
0,93773-6894:Aaron Rodgers,93773-22109:Greg Zuerlein,93773-62239:Josh Allen,93773-64576:Damien Harris,93773-71352:Mecole Hardman Jr.
0,93773-6894:Aaron Rodgers,93773-12526:Buffalo Bills,93773-60451:Tyler Conklin,93773-62239:Josh Allen,93773-93539:Michael Carter
0,93773-6894:Aaron Rodgers,93773-12544:New York Jets,93773-54140:Dalvin Cook,93773-64576:Damien Harris,93773-91626:James Cook
0,93773-6894:Aaron Rodgers,93773-103564:Garrett Wilson,93773-145558:Dalton Kincaid,93773-25079:Stefon Diggs,93773-71352:Mecole Hardman Jr.
0,93773-6894:Aaron Rodgers,93773-145558:Dalton Kincaid,93773-54140:Dalvin Cook,93773-62239:Josh Allen,93773-93539:Michael Carter
0,93773-6894:Aaron Rodgers,93773-103564:Garrett Wilson,93773-60451:Tyler Conklin,93773-65128:Tyler Bass,93773-91626:James Cook
0,93773-6894:Aaron Rodgers,93773-54140:Dalvin Cook,93773-56809:Allen Lazard,93773-65128:Tyler Bass,93773-91626:James Cook
0,93773-6894:Aaron Rodgers,93773-103564:Garrett Wilson,93773-22109:Greg Zuerlein,93773-64576:Damien Harris,93773-91626:James Cook
0,93773-6894:Aaron Rodgers,93773-103564:Garrett Wilson,93773-12544:New York Jets,93773-64576:Damien Harris,93773-91626:James Cook
0,93773-6894:Aaron Rodgers,93773-103564:Garrett Wilson,93773-56809:Allen Lazard,93773-65128:Tyler Bass,93773-91626:James Cook
0,93773-6894:Aaron Rodgers,93773-12544:New York Jets,93773-62239:Josh Allen,93773-65128:Tyler Bass,93773-71352:Mecole Hardman Jr.
0,93773-6894:Aaron Rodgers,93773-12526:Buffalo Bills,93773-22109:Greg Zuerlein,93773-62239:Josh Allen,93773-93539:Michael Carter
0,93773-6894:Aaron Rodgers,93773-56809:Allen Lazard,93773-62239:Josh Allen,93773-64585:Dawson Knox,93773-71352:Mecole Hardman Jr.
0,93773-6894:Aaron Rodgers,93773-103564:Garrett Wilson,93773-56809:Allen Lazard,93773-64576:Damien Harris,93773-91626:James Cook
0,93773-6894:Aaron Rodgers,93773-54140:Dalvin Cook,93773-56809:Allen Lazard,93773-64576:Damien Harris,93773-91626:James Cook
0,93773-6894:Aaron Rodgers,93773-12526:Buffalo Bills,93773-56809:Allen Lazard,93773-62239:Josh Allen,93773-93539:Michael Carter
0,93773-6894:Aaron Rodgers,93773-54140:Dalvin Cook,93773-56809:Allen Lazard,93773-64576:Damien Harris,93773-94534:Gabe Davis
0,93773-6894:Aaron Rodgers,93773-103564:Garrett Wilson,93773-60451:Tyler Conklin,93773-64576:Damien Harris,93773-91626:James Cook
0,93773-6894:Aaron Rodgers,93773-22109:Greg Zuerlein,93773-62239:Josh Allen,93773-65128:Tyler Bass,93773-71352:Mecole Hardman Jr.
0,93773-6894:Aaron Rodgers,93773-56809:Allen Lazard,93773-62239:Josh Allen,93773-65128:Tyler Bass,93773-71352:Mecole Hardman Jr.
0,93773-6894:Aaron Rodgers,93773-60451:Tyler Conklin,93773-62239:Josh Allen,93773-65128:Tyler Bass,93773-71352:Mecole Hardman Jr.
0,93773-6894:Aaron Rodgers,93773-103564:Garrett Wilson,93773-12544:New York Jets,93773-64585:Dawson Knox,93773-91626:James Cook
0,93773-6894:Aaron Rodgers,93773-12544:New York Jets,93773-62239:Josh Allen,93773-64585:Dawson Knox,93773-93539:Michael Carter
0,93773-6894:Aaron Rodgers,93773-25079:Stefon Diggs,93773-54140:Dalvin Cook,93773-56809:Allen Lazard,93773-86518:Khalil Shakir
0,93773-6894:Aaron Rodgers,93773-25079:Stefon Diggs,93773-54140:Dalvin Cook,93773-60451:Tyler Conklin,93773-86518:Khalil Shakir
0,93773-6894:Aaron Rodgers,93773-103564:Garrett Wilson,93773-25079:Stefon Diggs,93773-60451:Tyler Conklin,93773-86518:Khalil Shakir
0,93773-103564:Garrett Wilson,93773-22109:Greg Zuerlein,93773-25079:Stefon Diggs,93773-54140:Dalvin Cook,93773-64576:Damien Harris
0,93773-103564:Garrett Wilson,93773-12526:Buffalo Bills,93773-54140:Dalvin Cook,93773-64585:Dawson Knox,93773-6894:Aaron Rodgers
0,93773-103564:Garrett Wilson,93773-25079:Stefon Diggs,93773-54140:Dalvin Cook,93773-56809:Allen Lazard,93773-64576:Damien Harris
0,93773-103564:Garrett Wilson,93773-12544:New York Jets,93773-25079:Stefon Diggs,93773-54140:Dalvin Cook,93773-64576:Damien Harris
0,93773-103564:Garrett Wilson,93773-25079:Stefon Diggs,93773-54140:Dalvin Cook,93773-60451:Tyler Conklin,93773-64576:Damien Harris
0,93773-103564:Garrett Wilson,93773-22109:Greg Zuerlein,93773-54140:Dalvin Cook,93773-62239:Josh Allen,93773-64585:Dawson Knox
0,93773-103564:Garrett Wilson,93773-25079:Stefon Diggs,93773-54140:Dalvin Cook,93773-60451:Tyler Conklin,93773-94534:Gabe Davis
0,93773-103564:Garrett Wilson,93773-54140:Dalvin Cook,93773-64585:Dawson Knox,93773-65128:Tyler Bass,93773-6894:Aaron Rodgers
0,93773-103564:Garrett Wilson,93773-54140:Dalvin Cook,93773-60451:Tyler Conklin,93773-62239:Josh Allen,93773-64585:Dawson Knox
0,93773-103564:Garrett Wilson,93773-22109:Greg Zuerlein,93773-54140:Dalvin Cook,93773-62239:Josh Allen,93773-65128:Tyler Bass
0,93773-103564:Garrett Wilson,93773-12544:New York Jets,93773-25079:Stefon Diggs,93773-54140:Dalvin Cook,93773-65128:Tyler Bass
0,93773-103564:Garrett Wilson,93773-12526:Buffalo Bills,93773-25079:Stefon Diggs,93773-6894:Aaron Rodgers,93773-93539:Michael Carter
0,93773-103564:Garrett Wilson,93773-25079:Stefon Diggs,93773-65128:Tyler Bass,93773-6894:Aaron Rodgers,93773-93539:Michael Carter
0,93773-103564:Garrett Wilson,93773-25079:Stefon Diggs,93773-64576:Damien Harris,93773-6894:Aaron Rodgers,93773-93539:Michael Carter
0,93773-103564:Garrett Wilson,93773-25079:Stefon Diggs,93773-64585:Dawson Knox,93773-6894:Aaron Rodgers,93773-93539:Michael Carter
0,93773-103564:Garrett Wilson,93773-12544:New York Jets,93773-145558:Dalton Kincaid,93773-25079:Stefon Diggs,93773-6894:Aaron Rodgers
0,93773-103564:Garrett Wilson,93773-54140:Dalvin Cook,93773-60451:Tyler Conklin,93773-62239:Josh Allen,93773-65128:Tyler Bass
0,93773-103564:Garrett Wilson,93773-54140:Dalvin Cook,93773-64576:Damien Harris,93773-64585:Dawson Knox,93773-6894:Aaron Rodgers
0,93773-103564:Garrett Wilson,93773-25079:Stefon Diggs,93773-54140:Dalvin Cook,93773-56809:Allen Lazard,93773-65128:Tyler Bass
0,93773-103564:Garrett Wilson,93773-145558:Dalton Kincaid,93773-22109:Greg Zuerlein,93773-25079:Stefon Diggs,93773-6894:Aaron Rodgers
0,93773-54140:Dalvin Cook,93773-22109:Greg Zuerlein,93773-25079:Stefon Diggs,93773-64576:Damien Harris,93773-6894:Aaron Rodgers
0,93773-54140:Dalvin Cook,93773-22109:Greg Zuerlein,93773-25079:Stefon Diggs,93773-65128:Tyler Bass,93773-6894:Aaron Rodgers
0,93773-54140:Dalvin Cook,93773-25079:Stefon Diggs,93773-60451:Tyler Conklin,93773-64576:Damien Harris,93773-6894:Aaron Rodgers
0,93773-54140:Dalvin Cook,93773-22109:Greg Zuerlein,93773-25079:Stefon Diggs,93773-64585:Dawson Knox,93773-6894:Aaron Rodgers
0,93773-54140:Dalvin Cook,93773-12526:Buffalo Bills,93773-22109:Greg Zuerlein,93773-25079:Stefon Diggs,93773-6894:Aaron Rodgers
0,93773-54140:Dalvin Cook,93773-22109:Greg Zuerlein,93773-25079:Stefon Diggs,93773-60451:Tyler Conklin,93773-62239:Josh Allen
0,93773-54140:Dalvin Cook,93773-25079:Stefon Diggs,93773-60451:Tyler Conklin,93773-65128:Tyler Bass,93773-6894:Aaron Rodgers
0,93773-54140:Dalvin Cook,93773-12544:New York Jets,93773-25079:Stefon Diggs,93773-64585:Dawson Knox,93773-6894:Aaron Rodgers
0,93773-54140:Dalvin Cook,93773-12526:Buffalo Bills,93773-25079:Stefon Diggs,93773-60451:Tyler Conklin,93773-6894:Aaron Rodgers
0,93773-54140:Dalvin Cook,93773-25079:Stefon Diggs,93773-60451:Tyler Conklin,93773-64585:Dawson Knox,93773-6894:Aaron Rodgers
0,93773-54140:Dalvin Cook,93773-103564:Garrett Wilson,93773-22109:Greg Zuerlein,93773-25079:Stefon Diggs,93773-64576:Damien Harris
0,93773-54140:Dalvin Cook,93773-103564:Garrett Wilson,93773-12526:Buffalo Bills,93773-64585:Dawson Knox,93773-6894:Aaron Rodgers
0,93773-54140:Dalvin Cook,93773-103564:Garrett Wilson,93773-25079:Stefon Diggs,93773-56809:Allen Lazard,93773-64576:Damien Harris
0,93773-54140:Dalvin Cook,93773-25079:Stefon Diggs,93773-65128:Tyler Bass,93773-6894:Aaron Rodgers,93773-71352:Mecole Hardman Jr.
0,93773-54140:Dalvin Cook,93773-103564:Garrett Wilson,93773-12544:New York Jets,93773-25079:Stefon Diggs,93773-64576:Damien Harris
0,93773-54140:Dalvin Cook,93773-103564:Garrett Wilson,93773-25079:Stefon Diggs,93773-60451:Tyler Conklin,93773-64576:Damien Harris
0,93773-54140:Dalvin Cook,93773-12526:Buffalo Bills,93773-25079:Stefon Diggs,93773-6894:Aaron Rodgers,93773-93539:Michael Carter
0,93773-54140:Dalvin Cook,93773-103564:Garrett Wilson,93773-22109:Greg Zuerlein,93773-62239:Josh Allen,93773-64585:Dawson Knox
0,93773-54140:Dalvin Cook,93773-103564:Garrett Wilson,93773-25079:Stefon Diggs,93773-60451:Tyler Conklin,93773-94534:Gabe Davis
0,93773-54140:Dalvin Cook,93773-103564:Garrett Wilson,93773-64585:Dawson Knox,93773-65128:Tyler Bass,93773-6894:Aaron Rodgers
0,93773-54140:Dalvin Cook,93773-103564:Garrett Wilson,93773-60451:Tyler Conklin,93773-62239:Josh Allen,93773-64585:Dawson Knox
0,93773-54140:Dalvin Cook,93773-145558:Dalton Kincaid,93773-25079:Stefon Diggs,93773-56809:Allen Lazard,93773-6894:Aaron Rodgers
0,93773-54140:Dalvin Cook,93773-103564:Garrett Wilson,93773-22109:Greg Zuerlein,93773-62239:Josh Allen,93773-65128:Tyler Bass
0,93773-54140:Dalvin Cook,93773-103564:Garrett Wilson,93773-12544:New York Jets,93773-25079:Stefon Diggs,93773-65128:Tyler Bass
0,93773-54140:Dalvin Cook,93773-25079:Stefon Diggs,93773-64576:Damien Harris,93773-6894:Aaron Rodgers,93773-93539:Michael Carter
